session_id,prompt_code
0c44adf9178a443a9fd7a5a2edaeb7c4,writing
2c4b5bda6f6f43ab9ffc990e7cae9693,writing
6df918d72046461a98d275bf3fac31d0,writing
8c2eb554dcc64935b8bbb450f4acc622,writing
12bc2ababfd341f4b09c4716b3e17541,writing
69fec119c2304acf9b079da625d9bfec,writing
82a43f771d0545b1b5bcc2f0e6d7b46c,writing
180c987fde934a02a50f81f9e981a087,writing
295c3df7ff5443aa9afebc8168183a64,writing
688f06a6d9b447c08e2cde69034971d9,writing
2925c4bef43b49acabcade452c1b3c48,writing
2692060fbf604d9193c8a1a4dbc2b8c6,writing
ffa00e543db5434a9c09f1ea48bf7c7b,writing
